sorter,arrangement,size,median_nanos
CountingSort,ASC,0,122600
CountingSort,ASC,1000,1885300
CountingSort,ASC,2000,1014000
CountingSort,ASC,3000,1509900
CountingSort,ASC,4000,1507800
CountingSort,ASC,5000,1445800
CountingSort,ASC,6000,1443100
CountingSort,ASC,7000,1466700
CountingSort,ASC,8000,1754500
CountingSort,ASC,9000,979800
CountingSort,ASC,10000,576200
CountingSort,ASC,11000,962000
CountingSort,ASC,12000,1304800
CountingSort,ASC,13000,1187900
CountingSort,ASC,14000,907100
CountingSort,ASC,15000,855400
CountingSort,ASC,16000,918600
CountingSort,ASC,17000,1048900
CountingSort,ASC,18000,1231500
CountingSort,ASC,19000,896600
CountingSort,ASC,20000,731200
CountingSort,RAND,0,10100
CountingSort,RAND,1000,817900
CountingSort,RAND,2000,597800
CountingSort,RAND,3000,849700
CountingSort,RAND,4000,419700
CountingSort,RAND,5000,812000
CountingSort,RAND,6000,601800
CountingSort,RAND,7000,738400
CountingSort,RAND,8000,763200
CountingSort,RAND,9000,485400
CountingSort,RAND,10000,563900
CountingSort,RAND,11000,760500
CountingSort,RAND,12000,968200
CountingSort,RAND,13000,699200
CountingSort,RAND,14000,656500
CountingSort,RAND,15000,904300
CountingSort,RAND,16000,718900
CountingSort,RAND,17000,1083100
CountingSort,RAND,18000,934000
CountingSort,RAND,19000,874800
CountingSort,RAND,20000,1153000
CountingSort,DESC,0,12600
CountingSort,DESC,1000,286200
CountingSort,DESC,2000,243500
CountingSort,DESC,3000,667200
CountingSort,DESC,4000,361200
CountingSort,DESC,5000,207600
CountingSort,DESC,6000,629300
CountingSort,DESC,7000,387100
CountingSort,DESC,8000,368900
CountingSort,DESC,9000,525000
CountingSort,DESC,10000,422700
CountingSort,DESC,11000,481500
CountingSort,DESC,12000,428700
CountingSort,DESC,13000,338000
CountingSort,DESC,14000,717700
CountingSort,DESC,15000,322600
CountingSort,DESC,16000,630200
CountingSort,DESC,17000,512600
CountingSort,DESC,18000,905400
CountingSort,DESC,19000,386500
CountingSort,DESC,20000,960400
HeapSort,ASC,0,800
HeapSort,ASC,1000,519400
HeapSort,ASC,2000,862200
HeapSort,ASC,3000,1743400
HeapSort,ASC,4000,2270400
HeapSort,ASC,5000,4265400
HeapSort,ASC,6000,4610200
HeapSort,ASC,7000,3701000
HeapSort,ASC,8000,9797000
HeapSort,ASC,9000,10324000
HeapSort,ASC,10000,10710400
HeapSort,ASC,11000,7860400
HeapSort,ASC,12000,10521200
HeapSort,ASC,13000,9196400
HeapSort,ASC,14000,7122300
HeapSort,ASC,15000,9459300
HeapSort,ASC,16000,9032200
HeapSort,ASC,17000,9663100
HeapSort,ASC,18000,2763500
HeapSort,ASC,19000,2288600
HeapSort,ASC,20000,2535100
HeapSort,RAND,0,200
HeapSort,RAND,1000,105100
HeapSort,RAND,2000,225400
HeapSort,RAND,3000,373500
HeapSort,RAND,4000,633200
HeapSort,RAND,5000,657000
HeapSort,RAND,6000,802700
HeapSort,RAND,7000,967300
HeapSort,RAND,8000,1145400
HeapSort,RAND,9000,1304300
HeapSort,RAND,10000,1450000
HeapSort,RAND,11000,1672300
HeapSort,RAND,12000,1831000
HeapSort,RAND,13000,2122600
HeapSort,RAND,14000,2188600
HeapSort,RAND,15000,2943300
HeapSort,RAND,16000,3121000
HeapSort,RAND,17000,2788400
HeapSort,RAND,18000,3348700
HeapSort,RAND,19000,3213100
HeapSort,RAND,20000,3352700
HeapSort,DESC,0,600
HeapSort,DESC,1000,84200
HeapSort,DESC,2000,190700
HeapSort,DESC,3000,303000
HeapSort,DESC,4000,406000
HeapSort,DESC,5000,500900
HeapSort,DESC,6000,638200
HeapSort,DESC,7000,722100
HeapSort,DESC,8000,819100
HeapSort,DESC,9000,946900
HeapSort,DESC,10000,1051800
HeapSort,DESC,11000,1201800
HeapSort,DESC,12000,1324700
HeapSort,DESC,13000,1442900
HeapSort,DESC,14000,1539100
HeapSort,DESC,15000,1620100
HeapSort,DESC,16000,1735300
HeapSort,DESC,17000,1884000
HeapSort,DESC,18000,1946200
HeapSort,DESC,19000,2192900
HeapSort,DESC,20000,2146100
InsertionSort,ASC,0,300
InsertionSort,ASC,1000,34500
InsertionSort,ASC,2000,68200
InsertionSort,ASC,3000,100600
InsertionSort,ASC,4000,134000
InsertionSort,ASC,5000,166900
InsertionSort,ASC,6000,201100
InsertionSort,ASC,7000,70200
InsertionSort,ASC,8000,80700
InsertionSort,ASC,9000,84100
InsertionSort,ASC,10000,89000
InsertionSort,ASC,11000,96500
InsertionSort,ASC,12000,95300
InsertionSort,ASC,13000,102600
InsertionSort,ASC,14000,118900
InsertionSort,ASC,15000,130700
InsertionSort,ASC,16000,468900
InsertionSort,ASC,17000,147600
InsertionSort,ASC,18000,166100
InsertionSort,ASC,19000,159800
InsertionSort,ASC,20000,54000
InsertionSort,RAND,0,100
InsertionSort,RAND,1000,7767700
InsertionSort,RAND,2000,2468900
InsertionSort,RAND,3000,5763100
InsertionSort,RAND,4000,10982400
InsertionSort,RAND,5000,17465500
InsertionSort,RAND,6000,26933800
InsertionSort,RAND,7000,35962400
InsertionSort,RAND,8000,46118600
InsertionSort,RAND,9000,59838600
InsertionSort,RAND,10000,74953800
InsertionSort,RAND,11000,87854800
InsertionSort,RAND,12000,104713500
InsertionSort,RAND,13000,122054400
InsertionSort,RAND,14000,141815000
InsertionSort,RAND,15000,169036700
InsertionSort,RAND,16000,191159900
InsertionSort,RAND,17000,215598100
InsertionSort,RAND,18000,245095300
InsertionSort,RAND,19000,270303700
InsertionSort,RAND,20000,294238600
InsertionSort,DESC,0,100
InsertionSort,DESC,1000,2600
InsertionSort,DESC,2000,5000
InsertionSort,DESC,3000,7500
InsertionSort,DESC,4000,9900
InsertionSort,DESC,5000,12400
InsertionSort,DESC,6000,16300
InsertionSort,DESC,7000,18600
InsertionSort,DESC,8000,23400
InsertionSort,DESC,9000,23900
InsertionSort,DESC,10000,28300
InsertionSort,DESC,11000,28800
InsertionSort,DESC,12000,31600
InsertionSort,DESC,13000,33000
InsertionSort,DESC,14000,35100
InsertionSort,DESC,15000,37900
InsertionSort,DESC,16000,40600
InsertionSort,DESC,17000,46500
InsertionSort,DESC,18000,46200
InsertionSort,DESC,19000,52100
InsertionSort,DESC,20000,57800
MergeSort,ASC,0,700
MergeSort,ASC,1000,170900
MergeSort,ASC,2000,365200
MergeSort,ASC,3000,652000
MergeSort,ASC,4000,958800
MergeSort,ASC,5000,1877900
MergeSort,ASC,6000,3531700
MergeSort,ASC,7000,19136500
MergeSort,ASC,8000,6747700
MergeSort,ASC,9000,7469200
MergeSort,ASC,10000,8103300
MergeSort,ASC,11000,9767300
MergeSort,ASC,12000,11771600
MergeSort,ASC,13000,13063700
MergeSort,ASC,14000,14525700
MergeSort,ASC,15000,16860400
MergeSort,ASC,16000,26169400
MergeSort,ASC,17000,25119900
MergeSort,ASC,18000,24872800
MergeSort,ASC,19000,27134800
MergeSort,ASC,20000,30146400
MergeSort,RAND,0,300
MergeSort,RAND,1000,178900
MergeSort,RAND,2000,384000
MergeSort,RAND,3000,680700
MergeSort,RAND,4000,1070600
MergeSort,RAND,5000,10441500
MergeSort,RAND,6000,3531100
MergeSort,RAND,7000,4363700
MergeSort,RAND,8000,5615500
MergeSort,RAND,9000,7579200
MergeSort,RAND,10000,8387000
MergeSort,RAND,11000,9761100
MergeSort,RAND,12000,11382900
MergeSort,RAND,13000,13182200
MergeSort,RAND,14000,15460200
MergeSort,RAND,15000,17500700
MergeSort,RAND,16000,19535500
MergeSort,RAND,17000,22499300
MergeSort,RAND,18000,24047700
MergeSort,RAND,19000,27798900
MergeSort,RAND,20000,29885600
MergeSort,DESC,0,4000
MergeSort,DESC,1000,74700
MergeSort,DESC,2000,175800
MergeSort,DESC,3000,324000
MergeSort,DESC,4000,515800
MergeSort,DESC,5000,1054000
MergeSort,DESC,6000,2370700
MergeSort,DESC,7000,3778000
MergeSort,DESC,8000,4848600
MergeSort,DESC,9000,6174500
MergeSort,DESC,10000,7450500
MergeSort,DESC,11000,9152000
MergeSort,DESC,12000,11049900
MergeSort,DESC,13000,12436800
MergeSort,DESC,14000,14901600
MergeSort,DESC,15000,16875000
MergeSort,DESC,16000,18656900
MergeSort,DESC,17000,21109500
MergeSort,DESC,18000,24433200
MergeSort,DESC,19000,27139700
MergeSort,DESC,20000,30220600
QuickSortIterativeHoare,ASC,0,700
QuickSortIterativeHoare,ASC,1000,4188500
QuickSortIterativeHoare,ASC,2000,2380600
QuickSortIterativeHoare,ASC,3000,5034000
QuickSortIterativeHoare,ASC,4000,8811800
QuickSortIterativeHoare,ASC,5000,13128000
QuickSortIterativeHoare,ASC,6000,17953000
QuickSortIterativeHoare,ASC,7000,23529500
QuickSortIterativeHoare,ASC,8000,31100400
QuickSortIterativeHoare,ASC,9000,48936000
QuickSortIterativeHoare,ASC,10000,64724400
QuickSortIterativeHoare,ASC,11000,72754900
QuickSortIterativeHoare,ASC,12000,86572200
QuickSortIterativeHoare,ASC,13000,99192300
QuickSortIterativeHoare,ASC,14000,115798000
QuickSortIterativeHoare,ASC,15000,139315900
QuickSortIterativeHoare,ASC,16000,166216400
QuickSortIterativeHoare,ASC,17000,167603400
QuickSortIterativeHoare,ASC,18000,186203400
QuickSortIterativeHoare,ASC,19000,207802500
QuickSortIterativeHoare,ASC,20000,229132100
QuickSortIterativeHoare,RAND,0,200
QuickSortIterativeHoare,RAND,1000,364700
QuickSortIterativeHoare,RAND,2000,681400
QuickSortIterativeHoare,RAND,3000,785300
QuickSortIterativeHoare,RAND,4000,1135100
QuickSortIterativeHoare,RAND,5000,2368300
QuickSortIterativeHoare,RAND,6000,665600
QuickSortIterativeHoare,RAND,7000,796500
QuickSortIterativeHoare,RAND,8000,930300
QuickSortIterativeHoare,RAND,9000,1003500
QuickSortIterativeHoare,RAND,10000,1330400
QuickSortIterativeHoare,RAND,11000,1619700
QuickSortIterativeHoare,RAND,12000,1592300
QuickSortIterativeHoare,RAND,13000,1323200
QuickSortIterativeHoare,RAND,14000,1695200
QuickSortIterativeHoare,RAND,15000,1504800
QuickSortIterativeHoare,RAND,16000,1574900
QuickSortIterativeHoare,RAND,17000,1717500
QuickSortIterativeHoare,RAND,18000,1967400
QuickSortIterativeHoare,RAND,19000,2036300
QuickSortIterativeHoare,RAND,20000,2112200
QuickSortIterativeHoare,DESC,0,7000
QuickSortIterativeHoare,DESC,1000,731800
QuickSortIterativeHoare,DESC,2000,2421800
QuickSortIterativeHoare,DESC,3000,5168500
QuickSortIterativeHoare,DESC,4000,9302700
QuickSortIterativeHoare,DESC,5000,15112200
QuickSortIterativeHoare,DESC,6000,21600100
QuickSortIterativeHoare,DESC,7000,29736800
QuickSortIterativeHoare,DESC,8000,38885600
QuickSortIterativeHoare,DESC,9000,53035600
QuickSortIterativeHoare,DESC,10000,59576300
QuickSortIterativeHoare,DESC,11000,82855300
QuickSortIterativeHoare,DESC,12000,87962800
QuickSortIterativeHoare,DESC,13000,106830700
QuickSortIterativeHoare,DESC,14000,119348600
QuickSortIterativeHoare,DESC,15000,134556300
QuickSortIterativeHoare,DESC,16000,156987800
QuickSortIterativeHoare,DESC,17000,176096800
QuickSortIterativeHoare,DESC,18000,243550000
QuickSortIterativeHoare,DESC,19000,227146800
QuickSortIterativeHoare,DESC,20000,236335100
QuickSortIterativeLomuto,ASC,0,600
QuickSortIterativeLomuto,ASC,1000,2625200
QuickSortIterativeLomuto,ASC,2000,1635000
QuickSortIterativeLomuto,ASC,3000,3484900
QuickSortIterativeLomuto,ASC,4000,5864800
QuickSortIterativeLomuto,ASC,5000,9407200
QuickSortIterativeLomuto,ASC,6000,13473300
QuickSortIterativeLomuto,ASC,7000,16902400
QuickSortIterativeLomuto,ASC,8000,22044900
QuickSortIterativeLomuto,ASC,9000,44249500
QuickSortIterativeLomuto,ASC,10000,53988500
QuickSortIterativeLomuto,ASC,11000,68159300
QuickSortIterativeLomuto,ASC,12000,77240200
QuickSortIterativeLomuto,ASC,13000,92919900
QuickSortIterativeLomuto,ASC,14000,154118400
QuickSortIterativeLomuto,ASC,15000,196007100
QuickSortIterativeLomuto,ASC,16000,245003500
QuickSortIterativeLomuto,ASC,17000,208398800
QuickSortIterativeLomuto,ASC,18000,231562300
QuickSortIterativeLomuto,ASC,19000,249970300
QuickSortIterativeLomuto,ASC,20000,366326400
QuickSortIterativeLomuto,RAND,0,300
QuickSortIterativeLomuto,RAND,1000,1060800
QuickSortIterativeLomuto,RAND,2000,2001900
QuickSortIterativeLomuto,RAND,3000,1627000
QuickSortIterativeLomuto,RAND,4000,5028700
QuickSortIterativeLomuto,RAND,5000,2790100
QuickSortIterativeLomuto,RAND,6000,1033100
QuickSortIterativeLomuto,RAND,7000,1575700
QuickSortIterativeLomuto,RAND,8000,1617200
QuickSortIterativeLomuto,RAND,9000,2016000
QuickSortIterativeLomuto,RAND,10000,2138600
QuickSortIterativeLomuto,RAND,11000,2181600
QuickSortIterativeLomuto,RAND,12000,3128300
QuickSortIterativeLomuto,RAND,13000,3065100
QuickSortIterativeLomuto,RAND,14000,3096200
QuickSortIterativeLomuto,RAND,15000,3349800
QuickSortIterativeLomuto,RAND,16000,2931800
QuickSortIterativeLomuto,RAND,17000,3390900
QuickSortIterativeLomuto,RAND,18000,4079800
QuickSortIterativeLomuto,RAND,19000,3911200
QuickSortIterativeLomuto,RAND,20000,3982600
QuickSortIterativeLomuto,DESC,0,21900
QuickSortIterativeLomuto,DESC,1000,1112500
QuickSortIterativeLomuto,DESC,2000,4246200
QuickSortIterativeLomuto,DESC,3000,9430300
QuickSortIterativeLomuto,DESC,4000,16081600
QuickSortIterativeLomuto,DESC,5000,26098200
QuickSortIterativeLomuto,DESC,6000,32578200
QuickSortIterativeLomuto,DESC,7000,39918100
QuickSortIterativeLomuto,DESC,8000,48971700
QuickSortIterativeLomuto,DESC,9000,59572100
QuickSortIterativeLomuto,DESC,10000,71657000
QuickSortIterativeLomuto,DESC,11000,91421200
QuickSortIterativeLomuto,DESC,12000,135727900
QuickSortIterativeLomuto,DESC,13000,133151500
QuickSortIterativeLomuto,DESC,14000,184799000
QuickSortIterativeLomuto,DESC,15000,199753600
QuickSortIterativeLomuto,DESC,16000,181646500
QuickSortIterativeLomuto,DESC,17000,166006700
QuickSortIterativeLomuto,DESC,18000,232894800
QuickSortIterativeLomuto,DESC,19000,200832400
QuickSortIterativeLomuto,DESC,20000,299176300
QuickSortIterativeMedian3,ASC,0,1000
QuickSortIterativeMedian3,ASC,1000,1459300
QuickSortIterativeMedian3,ASC,2000,1729500
QuickSortIterativeMedian3,ASC,3000,3256400
QuickSortIterativeMedian3,ASC,4000,5472200
QuickSortIterativeMedian3,ASC,5000,9561800
QuickSortIterativeMedian3,ASC,6000,11307800
QuickSortIterativeMedian3,ASC,7000,13524800
QuickSortIterativeMedian3,ASC,8000,16511100
QuickSortIterativeMedian3,ASC,9000,23953300
QuickSortIterativeMedian3,ASC,10000,29229500
QuickSortIterativeMedian3,ASC,11000,30674700
QuickSortIterativeMedian3,ASC,12000,32703600
QuickSortIterativeMedian3,ASC,13000,37114300
QuickSortIterativeMedian3,ASC,14000,42839400
QuickSortIterativeMedian3,ASC,15000,51642900
QuickSortIterativeMedian3,ASC,16000,57324800
QuickSortIterativeMedian3,ASC,17000,65160900
QuickSortIterativeMedian3,ASC,18000,81354700
QuickSortIterativeMedian3,ASC,19000,79237200
QuickSortIterativeMedian3,ASC,20000,83560100
QuickSortIterativeMedian3,RAND,0,100
QuickSortIterativeMedian3,RAND,1000,835500
QuickSortIterativeMedian3,RAND,2000,411600
QuickSortIterativeMedian3,RAND,3000,900400
QuickSortIterativeMedian3,RAND,4000,1023400
QuickSortIterativeMedian3,RAND,5000,1506900
QuickSortIterativeMedian3,RAND,6000,1655300
QuickSortIterativeMedian3,RAND,7000,1287600
QuickSortIterativeMedian3,RAND,8000,953900
QuickSortIterativeMedian3,RAND,9000,1089400
QuickSortIterativeMedian3,RAND,10000,1261700
QuickSortIterativeMedian3,RAND,11000,1576500
QuickSortIterativeMedian3,RAND,12000,1650600
QuickSortIterativeMedian3,RAND,13000,1505600
QuickSortIterativeMedian3,RAND,14000,1477200
QuickSortIterativeMedian3,RAND,15000,1589600
QuickSortIterativeMedian3,RAND,16000,1750800
QuickSortIterativeMedian3,RAND,17000,1884300
QuickSortIterativeMedian3,RAND,18000,1971400
QuickSortIterativeMedian3,RAND,19000,2162300
QuickSortIterativeMedian3,RAND,20000,2290000
QuickSortIterativeMedian3,DESC,0,7100
QuickSortIterativeMedian3,DESC,1000,408300
QuickSortIterativeMedian3,DESC,2000,870200
QuickSortIterativeMedian3,DESC,3000,1886800
QuickSortIterativeMedian3,DESC,4000,3450100
QuickSortIterativeMedian3,DESC,5000,5251800
QuickSortIterativeMedian3,DESC,6000,7995000
QuickSortIterativeMedian3,DESC,7000,10428600
QuickSortIterativeMedian3,DESC,8000,17653200
QuickSortIterativeMedian3,DESC,9000,20761500
QuickSortIterativeMedian3,DESC,10000,24549600
QuickSortIterativeMedian3,DESC,11000,29013500
QuickSortIterativeMedian3,DESC,12000,42975900
QuickSortIterativeMedian3,DESC,13000,48157500
QuickSortIterativeMedian3,DESC,14000,48859700
QuickSortIterativeMedian3,DESC,15000,52316800
QuickSortIterativeMedian3,DESC,16000,55276600
QuickSortIterativeMedian3,DESC,17000,66758100
QuickSortIterativeMedian3,DESC,18000,68395400
QuickSortIterativeMedian3,DESC,19000,70994400
QuickSortIterativeMedian3,DESC,20000,77758000
QuickSortIterativeRandom,ASC,0,600
QuickSortIterativeRandom,ASC,1000,515900
QuickSortIterativeRandom,ASC,2000,940800
QuickSortIterativeRandom,ASC,3000,1212400
QuickSortIterativeRandom,ASC,4000,1587900
QuickSortIterativeRandom,ASC,5000,1780300
QuickSortIterativeRandom,ASC,6000,787100
QuickSortIterativeRandom,ASC,7000,1389600
QuickSortIterativeRandom,ASC,8000,1634400
QuickSortIterativeRandom,ASC,9000,1888000
QuickSortIterativeRandom,ASC,10000,2036200
QuickSortIterativeRandom,ASC,11000,1409800
QuickSortIterativeRandom,ASC,12000,1653700
QuickSortIterativeRandom,ASC,13000,1708100
QuickSortIterativeRandom,ASC,14000,1841000
QuickSortIterativeRandom,ASC,15000,2189700
QuickSortIterativeRandom,ASC,16000,2079400
QuickSortIterativeRandom,ASC,17000,1833000
QuickSortIterativeRandom,ASC,18000,2090900
QuickSortIterativeRandom,ASC,19000,2048500
QuickSortIterativeRandom,ASC,20000,2136000
QuickSortIterativeRandom,RAND,0,100
QuickSortIterativeRandom,RAND,1000,468400
QuickSortIterativeRandom,RAND,2000,562400
QuickSortIterativeRandom,RAND,3000,1111000
QuickSortIterativeRandom,RAND,4000,1128400
QuickSortIterativeRandom,RAND,5000,1367900
QuickSortIterativeRandom,RAND,6000,1571300
QuickSortIterativeRandom,RAND,7000,1672400
QuickSortIterativeRandom,RAND,8000,1602500
QuickSortIterativeRandom,RAND,9000,1736900
QuickSortIterativeRandom,RAND,10000,1923300
QuickSortIterativeRandom,RAND,11000,2827300
QuickSortIterativeRandom,RAND,12000,2765900
QuickSortIterativeRandom,RAND,13000,2995700
QuickSortIterativeRandom,RAND,14000,2522500
QuickSortIterativeRandom,RAND,15000,2778600
QuickSortIterativeRandom,RAND,16000,3109200
QuickSortIterativeRandom,RAND,17000,3175400
QuickSortIterativeRandom,RAND,18000,3398500
QuickSortIterativeRandom,RAND,19000,3700700
QuickSortIterativeRandom,RAND,20000,3691000
QuickSortIterativeRandom,DESC,0,8600
QuickSortIterativeRandom,DESC,1000,335100
QuickSortIterativeRandom,DESC,2000,485800
QuickSortIterativeRandom,DESC,3000,499700
QuickSortIterativeRandom,DESC,4000,799700
QuickSortIterativeRandom,DESC,5000,891500
QuickSortIterativeRandom,DESC,6000,1316200
QuickSortIterativeRandom,DESC,7000,1562300
QuickSortIterativeRandom,DESC,8000,1506100
QuickSortIterativeRandom,DESC,9000,1356700
QuickSortIterativeRandom,DESC,10000,1420700
QuickSortIterativeRandom,DESC,11000,1584400
QuickSortIterativeRandom,DESC,12000,1794900
QuickSortIterativeRandom,DESC,13000,1780300
QuickSortIterativeRandom,DESC,14000,2083600
QuickSortIterativeRandom,DESC,15000,2025200
QuickSortIterativeRandom,DESC,16000,2095000
QuickSortIterativeRandom,DESC,17000,2236500
QuickSortIterativeRandom,DESC,18000,2369300
QuickSortIterativeRandom,DESC,19000,2606800
QuickSortIterativeRandom,DESC,20000,2845100
QuickSortIterativeWithInSort,ASC,0,300
QuickSortIterativeWithInSort,ASC,1000,3953400
QuickSortIterativeWithInSort,ASC,2000,3489400
QuickSortIterativeWithInSort,ASC,3000,7524300
QuickSortIterativeWithInSort,ASC,4000,13421900
QuickSortIterativeWithInSort,ASC,5000,20473600
QuickSortIterativeWithInSort,ASC,6000,36012900
QuickSortIterativeWithInSort,ASC,7000,41046100
QuickSortIterativeWithInSort,ASC,8000,58348200
QuickSortIterativeWithInSort,ASC,9000,64761000
QuickSortIterativeWithInSort,ASC,10000,61950000
QuickSortIterativeWithInSort,ASC,11000,86429900
QuickSortIterativeWithInSort,ASC,12000,91738800
QuickSortIterativeWithInSort,ASC,13000,114965900
QuickSortIterativeWithInSort,ASC,14000,124256600
QuickSortIterativeWithInSort,ASC,15000,169716900
QuickSortIterativeWithInSort,ASC,16000,202334100
QuickSortIterativeWithInSort,ASC,17000,213801800
QuickSortIterativeWithInSort,ASC,18000,261008500
QuickSortIterativeWithInSort,ASC,19000,246714100
QuickSortIterativeWithInSort,ASC,20000,385819500
QuickSortIterativeWithInSort,RAND,0,300
QuickSortIterativeWithInSort,RAND,1000,505200
QuickSortIterativeWithInSort,RAND,2000,964200
QuickSortIterativeWithInSort,RAND,3000,1095700
QuickSortIterativeWithInSort,RAND,4000,1602500
QuickSortIterativeWithInSort,RAND,5000,3742600
QuickSortIterativeWithInSort,RAND,6000,1575000
QuickSortIterativeWithInSort,RAND,7000,5224400
QuickSortIterativeWithInSort,RAND,8000,2496800
QuickSortIterativeWithInSort,RAND,9000,2720600
QuickSortIterativeWithInSort,RAND,10000,3160400
QuickSortIterativeWithInSort,RAND,11000,2681700
QuickSortIterativeWithInSort,RAND,12000,1847400
QuickSortIterativeWithInSort,RAND,13000,2152500
QuickSortIterativeWithInSort,RAND,14000,2738400
QuickSortIterativeWithInSort,RAND,15000,3062200
QuickSortIterativeWithInSort,RAND,16000,2935200
QuickSortIterativeWithInSort,RAND,17000,2962700
QuickSortIterativeWithInSort,RAND,18000,3027300
QuickSortIterativeWithInSort,RAND,19000,3078700
QuickSortIterativeWithInSort,RAND,20000,4439500
QuickSortIterativeWithInSort,DESC,0,5800
QuickSortIterativeWithInSort,DESC,1000,1580200
QuickSortIterativeWithInSort,DESC,2000,4993800
QuickSortIterativeWithInSort,DESC,3000,12814900
QuickSortIterativeWithInSort,DESC,4000,16396700
QuickSortIterativeWithInSort,DESC,5000,21575900
QuickSortIterativeWithInSort,DESC,6000,29684200
QuickSortIterativeWithInSort,DESC,7000,56277300
QuickSortIterativeWithInSort,DESC,8000,59154400
QuickSortIterativeWithInSort,DESC,9000,77363600
QuickSortIterativeWithInSort,DESC,10000,88064500
QuickSortIterativeWithInSort,DESC,11000,112376300
QuickSortIterativeWithInSort,DESC,12000,132073000
QuickSortIterativeWithInSort,DESC,13000,171178600
QuickSortIterativeWithInSort,DESC,14000,170627000
QuickSortIterativeWithInSort,DESC,15000,169953300
QuickSortIterativeWithInSort,DESC,16000,189962600
QuickSortIterativeWithInSort,DESC,17000,171213800
QuickSortIterativeWithInSort,DESC,18000,191651100
QuickSortIterativeWithInSort,DESC,19000,237109600
QuickSortIterativeWithInSort,DESC,20000,249830700
QuickSortRecursiveHoare,ASC,0,300
QuickSortRecursiveHoare,ASC,1000,2337700
QuickSortRecursiveHoare,ASC,2000,3173100
QuickSortRecursiveHoare,ASC,3000,5448800
QuickSortRecursiveHoare,ASC,4000,9471600
QuickSortRecursiveHoare,ASC,5000,15148900
QuickSortRecursiveHoare,ASC,6000,22126900
QuickSortRecursiveHoare,ASC,7000,46479900
QuickSortRecursiveHoare,ASC,8000,43038300
QuickSortRecursiveHoare,ASC,9000,52358300
QuickSortRecursiveHoare,ASC,10000,65250500
QuickSortRecursiveHoare,ASC,11000,85871500
QuickSortRecursiveHoare,ASC,12000,79489300
QuickSortRecursiveHoare,ASC,13000,88435500
QuickSortRecursiveHoare,ASC,14000,99868400
QuickSortRecursiveHoare,ASC,15000,117616500
QuickSortRecursiveHoare,ASC,16000,225200500
QuickSortRecursiveHoare,ASC,17000,261733900
QuickSortRecursiveHoare,ASC,18000,326102600
QuickSortRecursiveHoare,ASC,19000,386348900
QuickSortRecursiveHoare,ASC,20000,430934700
QuickSortRecursiveHoare,RAND,0,300
QuickSortRecursiveHoare,RAND,1000,1142900
QuickSortRecursiveHoare,RAND,2000,2147500
QuickSortRecursiveHoare,RAND,3000,2562200
QuickSortRecursiveHoare,RAND,4000,4504200
QuickSortRecursiveHoare,RAND,5000,5089200
QuickSortRecursiveHoare,RAND,6000,6087500
QuickSortRecursiveHoare,RAND,7000,3312400
QuickSortRecursiveHoare,RAND,8000,1140800
QuickSortRecursiveHoare,RAND,9000,1420300
QuickSortRecursiveHoare,RAND,10000,1500700
QuickSortRecursiveHoare,RAND,11000,1641900
QuickSortRecursiveHoare,RAND,12000,1848200
QuickSortRecursiveHoare,RAND,13000,1959400
QuickSortRecursiveHoare,RAND,14000,2395300
QuickSortRecursiveHoare,RAND,15000,2399200
QuickSortRecursiveHoare,RAND,16000,2521800
QuickSortRecursiveHoare,RAND,17000,2725300
QuickSortRecursiveHoare,RAND,18000,3391300
QuickSortRecursiveHoare,RAND,19000,2989600
QuickSortRecursiveHoare,RAND,20000,3327700
QuickSortRecursiveHoare,DESC,0,500
QuickSortRecursiveHoare,DESC,1000,937900
QuickSortRecursiveHoare,DESC,2000,3747900
QuickSortRecursiveHoare,DESC,3000,8490900
QuickSortRecursiveHoare,DESC,4000,14728600
QuickSortRecursiveHoare,DESC,5000,29839300
QuickSortRecursiveHoare,DESC,6000,39525800
QuickSortRecursiveHoare,DESC,7000,45841100
QuickSortRecursiveHoare,DESC,8000,59546400
QuickSortRecursiveHoare,DESC,9000,72408300
QuickSortRecursiveHoare,DESC,10000,75545700
QuickSortRecursiveHoare,DESC,11000,81563500
QuickSortRecursiveHoare,DESC,12000,95277600
QuickSortRecursiveHoare,DESC,13000,103543000
QuickSortRecursiveHoare,DESC,14000,136127400
QuickSortRecursiveHoare,DESC,15000,168756100
QuickSortRecursiveHoare,DESC,16000,197804600
QuickSortRecursiveHoare,DESC,17000,220568600
QuickSortRecursiveHoare,DESC,18000,219381000
QuickSortRecursiveHoare,DESC,19000,275766900
QuickSortRecursiveHoare,DESC,20000,254072800
QuickSortRecursiveLomuto,ASC,0,300
QuickSortRecursiveLomuto,ASC,1000,2276600
QuickSortRecursiveLomuto,ASC,2000,1366700
QuickSortRecursiveLomuto,ASC,3000,3096600
QuickSortRecursiveLomuto,ASC,4000,5578600
QuickSortRecursiveLomuto,ASC,5000,8690300
QuickSortRecursiveLomuto,ASC,6000,12843400
QuickSortRecursiveLomuto,ASC,7000,17350700
QuickSortRecursiveLomuto,ASC,8000,21881100
QuickSortRecursiveLomuto,ASC,9000,27462700
QuickSortRecursiveLomuto,ASC,10000,34376200
QuickSortRecursiveLomuto,ASC,11000,40135300
QuickSortRecursiveLomuto,ASC,12000,48626500
QuickSortRecursiveLomuto,ASC,13000,56450700
QuickSortRecursiveLomuto,ASC,14000,64922200
QuickSortRecursiveLomuto,ASC,15000,75130900
QuickSortRecursiveLomuto,ASC,16000,136145700
QuickSortRecursiveLomuto,ASC,17000,145519400
QuickSortRecursiveLomuto,ASC,18000,183333400
QuickSortRecursiveLomuto,ASC,19000,188208600
QuickSortRecursiveLomuto,ASC,20000,210458600
QuickSortRecursiveLomuto,RAND,0,200
QuickSortRecursiveLomuto,RAND,1000,511400
QuickSortRecursiveLomuto,RAND,2000,431700
QuickSortRecursiveLomuto,RAND,3000,1095300
QuickSortRecursiveLomuto,RAND,4000,2160200
QuickSortRecursiveLomuto,RAND,5000,4112100
QuickSortRecursiveLomuto,RAND,6000,1102300
QuickSortRecursiveLomuto,RAND,7000,932000
QuickSortRecursiveLomuto,RAND,8000,1074700
QuickSortRecursiveLomuto,RAND,9000,1238800
QuickSortRecursiveLomuto,RAND,10000,1313400
QuickSortRecursiveLomuto,RAND,11000,1569600
QuickSortRecursiveLomuto,RAND,12000,1772700
QuickSortRecursiveLomuto,RAND,13000,1941300
QuickSortRecursiveLomuto,RAND,14000,1900700
QuickSortRecursiveLomuto,RAND,15000,2204800
QuickSortRecursiveLomuto,RAND,16000,2203500
QuickSortRecursiveLomuto,RAND,17000,2488600
QuickSortRecursiveLomuto,RAND,18000,2679800
QuickSortRecursiveLomuto,RAND,19000,2745700
QuickSortRecursiveLomuto,RAND,20000,3070900
QuickSortRecursiveLomuto,DESC,0,2600
QuickSortRecursiveLomuto,DESC,1000,888400
QuickSortRecursiveLomuto,DESC,2000,3126800
QuickSortRecursiveLomuto,DESC,3000,7016600
QuickSortRecursiveLomuto,DESC,4000,10331400
QuickSortRecursiveLomuto,DESC,5000,17087400
QuickSortRecursiveLomuto,DESC,6000,34621000
QuickSortRecursiveLomuto,DESC,7000,39683300
QuickSortRecursiveLomuto,DESC,8000,42284300
QuickSortRecursiveLomuto,DESC,9000,44496400
QuickSortRecursiveLomuto,DESC,10000,54095300
QuickSortRecursiveLomuto,DESC,11000,67259900
QuickSortRecursiveLomuto,DESC,12000,73205000
QuickSortRecursiveLomuto,DESC,13000,94862300
QuickSortRecursiveLomuto,DESC,14000,103217500
QuickSortRecursiveLomuto,DESC,15000,112468700
QuickSortRecursiveLomuto,DESC,16000,130023500
QuickSortRecursiveLomuto,DESC,17000,148542300
QuickSortRecursiveLomuto,DESC,18000,167692100
QuickSortRecursiveLomuto,DESC,19000,196642400
QuickSortRecursiveLomuto,DESC,20000,211395300
ReferenceAlgSort,ASC,0,600
ReferenceAlgSort,ASC,1000,33300
ReferenceAlgSort,ASC,2000,56800
ReferenceAlgSort,ASC,3000,84400
ReferenceAlgSort,ASC,4000,112400
ReferenceAlgSort,ASC,5000,159700
ReferenceAlgSort,ASC,6000,188300
ReferenceAlgSort,ASC,7000,203500
ReferenceAlgSort,ASC,8000,63500
ReferenceAlgSort,ASC,9000,55300
ReferenceAlgSort,ASC,10000,60400
ReferenceAlgSort,ASC,11000,67300
ReferenceAlgSort,ASC,12000,69700
ReferenceAlgSort,ASC,13000,75700
ReferenceAlgSort,ASC,14000,84100
ReferenceAlgSort,ASC,15000,92400
ReferenceAlgSort,ASC,16000,100200
ReferenceAlgSort,ASC,17000,90300
ReferenceAlgSort,ASC,18000,89500
ReferenceAlgSort,ASC,19000,111900
ReferenceAlgSort,ASC,20000,108600
ReferenceAlgSort,RAND,0,200
ReferenceAlgSort,RAND,1000,453000
ReferenceAlgSort,RAND,2000,700500
ReferenceAlgSort,RAND,3000,599400
ReferenceAlgSort,RAND,4000,703300
ReferenceAlgSort,RAND,5000,872600
ReferenceAlgSort,RAND,6000,1076700
ReferenceAlgSort,RAND,7000,1353000
ReferenceAlgSort,RAND,8000,1554100
ReferenceAlgSort,RAND,9000,1882300
ReferenceAlgSort,RAND,10000,1991100
ReferenceAlgSort,RAND,11000,2739600
ReferenceAlgSort,RAND,12000,4172100
ReferenceAlgSort,RAND,13000,4833200
ReferenceAlgSort,RAND,14000,8226700
ReferenceAlgSort,RAND,15000,8311900
ReferenceAlgSort,RAND,16000,9856400
ReferenceAlgSort,RAND,17000,9073700
ReferenceAlgSort,RAND,18000,8833800
ReferenceAlgSort,RAND,19000,6071700
ReferenceAlgSort,RAND,20000,5141300
ReferenceAlgSort,DESC,0,2800
ReferenceAlgSort,DESC,1000,2300
ReferenceAlgSort,DESC,2000,3600
ReferenceAlgSort,DESC,3000,4900
ReferenceAlgSort,DESC,4000,6300
ReferenceAlgSort,DESC,5000,7600
ReferenceAlgSort,DESC,6000,9000
ReferenceAlgSort,DESC,7000,10400
ReferenceAlgSort,DESC,8000,11600
ReferenceAlgSort,DESC,9000,13100
ReferenceAlgSort,DESC,10000,14600
ReferenceAlgSort,DESC,11000,15900
ReferenceAlgSort,DESC,12000,17200
ReferenceAlgSort,DESC,13000,18300
ReferenceAlgSort,DESC,14000,20200
ReferenceAlgSort,DESC,15000,21400
ReferenceAlgSort,DESC,16000,23100
ReferenceAlgSort,DESC,17000,24400
ReferenceAlgSort,DESC,18000,25600
ReferenceAlgSort,DESC,19000,26800
ReferenceAlgSort,DESC,20000,29400
SelectionSort,ASC,0,300
SelectionSort,ASC,1000,3273400
SelectionSort,ASC,2000,3767800
SelectionSort,ASC,3000,4398000
SelectionSort,ASC,4000,7753200
SelectionSort,ASC,5000,11743000
SelectionSort,ASC,6000,16395200
SelectionSort,ASC,7000,21350000
SelectionSort,ASC,8000,26263600
SelectionSort,ASC,9000,32095400
SelectionSort,ASC,10000,38672000
SelectionSort,ASC,11000,46679600
SelectionSort,ASC,12000,63040800
SelectionSort,ASC,13000,68657100
SelectionSort,ASC,14000,74751500
SelectionSort,ASC,15000,84174700
SelectionSort,ASC,16000,96106200
SelectionSort,ASC,17000,107829700
SelectionSort,ASC,18000,120446600
SelectionSort,ASC,19000,142033500
SelectionSort,ASC,20000,156389800
SelectionSort,RAND,0,100
SelectionSort,RAND,1000,2508700
SelectionSort,RAND,2000,2665500
SelectionSort,RAND,3000,5927300
SelectionSort,RAND,4000,10668000
SelectionSort,RAND,5000,16322000
SelectionSort,RAND,6000,21207800
SelectionSort,RAND,7000,28626400
SelectionSort,RAND,8000,37524800
SelectionSort,RAND,9000,46684600
SelectionSort,RAND,10000,57867100
SelectionSort,RAND,11000,81370900
SelectionSort,RAND,12000,89370200
SelectionSort,RAND,13000,106555500
SelectionSort,RAND,14000,118551100
SelectionSort,RAND,15000,131314200
SelectionSort,RAND,16000,149590500
SelectionSort,RAND,17000,166416700
SelectionSort,RAND,18000,196049800
SelectionSort,RAND,19000,211584700
SelectionSort,RAND,20000,232106800
SelectionSort,DESC,0,100
SelectionSort,DESC,1000,573200
SelectionSort,DESC,2000,2193400
SelectionSort,DESC,3000,5039900
SelectionSort,DESC,4000,9023500
SelectionSort,DESC,5000,15392400
SelectionSort,DESC,6000,23058400
SelectionSort,DESC,7000,37361800
SelectionSort,DESC,8000,46759700
SelectionSort,DESC,9000,58094300
SelectionSort,DESC,10000,73825500
SelectionSort,DESC,11000,77685200
SelectionSort,DESC,12000,88974900
SelectionSort,DESC,13000,98351900
SelectionSort,DESC,14000,113850100
SelectionSort,DESC,15000,133139000
SelectionSort,DESC,16000,147189100
SelectionSort,DESC,17000,167322800
SelectionSort,DESC,18000,183720700
SelectionSort,DESC,19000,203842700
SelectionSort,DESC,20000,225923600
